	rezi_B_left	rezi_B_right	rezi_B_delta	Rxx	electron_density
0	0.8375209380234506	0.9407337723424272	0.10321283431897654	129.172	4685443003787955.0
1	0.7320644216691068	0.8375209380234506	0.10545651635434383	120.749	4585755998577079.0
2	0.6269592476489029	0.7320644216691068	0.10510517402020392	108.486	4601085122298680.0
3	0.5243838489774515	0.6269592476489029	0.10257539867145138	91.036	4714559813800345.0
4	0.41718815185648733	0.5243838489774515	0.10719569712096416	67.2361	4511355077202975.0
5	0.31259768677711786	0.41718815185648733	0.10459046507936948	38.1253	4623727909556489.0
